[{
  "_id": {
    "$oid": "645b965902723b061fab22a2"
  },
  "name": "Muhammad Danish",
  "email": "muhammaddanish14@gmail.com",
  "father_name": "Muhammad Tariq",
  "contact": "03074741119",
  "address": "Habibabad, Pattoki, Kasur",
  "dob": {
    "$date": "2004-12-12T00:00:00.000Z"
  },
  "cnic": "3510312345678",
  "user": {
    "$oid": "645b965902723b061fab22a0"
  },
  "hostel": {
    "$oid": "645aae56db7005c0dc64fd92"
  },
  "date": {
    "$date": "2023-05-10T13:04:25.419Z"
  },
  "__v": 0
}]